{"Na_O_Ti": {"Na1O3": {"E": -0.297245857799056, "amts": {"Na": 0.25, "O": 0.75, "Ti": 0.0}}, "O13Ti7": {"E": -3.1806944990866803, "amts": {"Na": 0.0, "O": 0.65, "Ti": 0.35}}, "Na2O19Ti9": {"E": -3.082191199810545, "amts": {"Na": 0.06666666666666667, "O": 0.6333333333333333, "Ti": 0.3}}, "Na2O13Ti6": {"E": -3.0647962148511687, "amts": {"Na": 0.09523809523809523, "O": 0.6190476190476191, "Ti": 0.2857142857142857}}, "O17Ti9": {"E": -3.187037264252614, "amts": {"Na": 0.0, "O": 0.6538461538461539, "Ti": 0.34615384615384615}}, "O5Ti3": {"E": -3.1283139287065915, "amts": {"Na": 0.0, "O": 0.625, "Ti": 0.375}}, "O5Ti4": {"E": -2.8559034007547575, "amts": {"Na": 0.0, "O": 0.5555555555555556, "Ti": 0.4444444444444444}}, "Na1O4Ti2": {"E": -2.8891697828952805, "amts": {"Na": 0.14285714285714285, "O": 0.5714285714285714, "Ti": 0.2857142857142857}}, "O3Ti2": {"E": -3.0566203036680686, "amts": {"Na": 0.0, "O": 0.6, "Ti": 0.4}}, "Na2O2": {"E": -1.0506323648947773, "amts": {"Na": 0.5, "O": 0.5, "Ti": 0.0}}, "O15Ti8": {"E": -3.184262663723505, "amts": {"Na": 0.0, "O": 0.6521739130434783, "Ti": 0.34782608695652173}}, "Na2O7Ti3": {"E": -2.9153030990674758, "amts": {"Na": 0.16666666666666666, "O": 0.5833333333333334, "Ti": 0.25}}, "Na1O13Ti8": {"E": -3.0010159416216298, "amts": {"Na": 0.045454545454545456, "O": 0.5909090909090909, "Ti": 0.36363636363636365}}, "O2Ti1": {"E": -3.243080981203079, "amts": {"Na": 0.0, "O": 0.6666666666666666, "Ti": 0.3333333333333333}}, "Na1O2Ti1": {"E": -2.550029536440981, "amts": {"Na": 0.25, "O": 0.5, "Ti": 0.25}}, "Na8O14Ti5": {"E": -2.6233541495653507, "amts": {"Na": 0.2962962962962963, "O": 0.5185185185185185, "Ti": 0.18518518518518517}}, "O1Ti6": {"E": -0.8267176113638462, "amts": {"Na": 0.0, "O": 0.14285714285714285, "Ti": 0.8571428571428571}}, "Na4O4Ti1": {"E": -2.2078907404583865, "amts": {"Na": 0.4444444444444444, "O": 0.4444444444444444, "Ti": 0.1111111111111111}}, "Na1O2": {"E": -0.6268670396199829, "amts": {"Na": 0.3333333333333333, "O": 0.6666666666666666, "Ti": 0.0}}, "O7Ti3": {"E": -2.6261703522343596, "amts": {"Na": 0.0, "O": 0.7, "Ti": 0.3}}, "O1Ti1": {"E": -2.6903371519922716, "amts": {"Na": 0.0, "O": 0.5, "Ti": 0.5}}, "O7Ti4": {"E": -3.1521823717200617, "amts": {"Na": 0.0, "O": 0.6363636363636364, "Ti": 0.36363636363636365}}, "O11Ti6": {"E": -3.1831861947456126, "amts": {"Na": 0.0, "O": 0.6470588235294118, "Ti": 0.35294117647058826}}, "O1Ti3": {"E": -1.4411606749243902, "amts": {"Na": 0.0, "O": 0.25, "Ti": 0.75}}, "Na3O13Ti6": {"E": -2.9363035471651515, "amts": {"Na": 0.13636363636363635, "O": 0.5909090909090909, "Ti": 0.2727272727272727}}, "O9Ti5": {"E": -3.1670332211639343, "amts": {"Na": 0.0, "O": 0.6428571428571429, "Ti": 0.35714285714285715}}, "O1Ti2": {"E": -1.8760915730231196, "amts": {"Na": 0.0, "O": 0.3333333333333333, "Ti": 0.6666666666666666}}, "Na2O1": {"E": -1.2245170055977452, "amts": {"Na": 0.6666666666666666, "O": 0.3333333333333333, "Ti": 0.0}}, "Na": {"E": 0, "amts": {"Na": 1.0, "O": 0.0, "Ti": 0.0}}, "O": {"E": 0, "amts": {"Na": 0.0, "O": 1.0, "Ti": 0.0}}, "Ti": {"E": 0, "amts": {"Na": 0.0, "O": 0.0, "Ti": 1.0}}}}